name,location,plz,city,rating_average,rating_count,operator
Mensa Blechhammer ,Blechhammer 9a,98574,Schmalkalden,"3,8",3.850,Studierendenwerk Thüringen
Mensa Rendsburg ,Grüner Kamp 11,24783,Rendsburg,,,Studentenwerk Schleswig-Holstein
Mensa Zweibrücken ,Amerikastraße 1,66482,Zweibrücken,"3,5",1.863,Studierendenwerk Kaiserslautern
Bistro Wolfsburg ,Robert-Koch-Platz 8a,38440,Wolfsburg,"3,3",194,Studierendenwerk OstNiedersachsen
Campus Mensa Wismar ,Philipp-Müller-Straße 14a,23966,Wismar,"3,5",4.890,Studierendenwerk Rostock-Wismar
Mensa Witzenhausen ,Steinstraße 19,37213,Witzenhausen,"2,3",1.094,Studierendenwerk Kassel
Schlüters Pizza & More ,Von-Melle-Park 2,20146,Hamburg,"4,2",114,Studierendenwerk Hamburg
Mensa Wildau ,Bahnhofstraße 1,15745,Wildau,"3,4",695,Studierendenwerk Westbrandenburg
Veggie 2.0 ,Hardenbergstraße 34,10623,Berlin,"3,6",40,Studierendenwerk Berlin
Mensa Weingarten ,Doggenriedstraße 28,88250,Weingarten,"3,2",96,Seezeit Studierendenwerk Bodensee
Cafeteria am Horn ,Carl-Alexander-Platz 1,99425,Weimar,,,Studierendenwerk Thüringen
Mensa am Park ,Marienstraße 15b,99423,Weimar,"3,6",5.153,Studierendenwerk Thüringen
Mensa Wernigerode ,Friedrichstraße 57–59,38855,Wernigerode,"3,6",490,Studentenwerk Magdeburg
Mensa Scheffelberg ,Scheffelstraße 39,08066,Zwickau,"3,5",67,Studentenwerk Chemnitz-Zwickau
Mensa Saarbrücken ,Campus,66123,Saarbrücken,"3,7",4.041,Studentenwerk im Saarland
Mensa Hochschule für Musik ,Bismarckstraße 1,66119,Saarbrücken,"3,5",57,Studentenwerk im Saarland
Mensa Hochschule für Musik ,Sedanstraße 15,42275,Wuppertal,"2,8",25,Hochschul-Sozialwerk Wuppertal
Mensa ME 04 ,Gaußstraße 20,42119,Wuppertal,"2,7",116,Hochschul-Sozialwerk Wuppertal
Mensa ME 02 ,Gaußstraße 20,42119,Wuppertal,"3,6",4.334,Hochschul-Sozialwerk Wuppertal
Mensa Campus Freudenberg ,Rainer-Gruenter-Straße 21,42119,Wuppertal,"3,4",353,Hochschul-Sozialwerk Wuppertal
Cafeteria Sport + Design ,Gaußstraße 20,42119,Wuppertal,"3,3",299,Hochschul-Sozialwerk Wuppertal
Mensa Bremerhaven ,An der Karlstadt 10,27568,Bremerhaven,"3,6",6.218,Studierendenwerk Bremen
Cafeteria Bremerhaven ,An der Karlstadt 10,27568,Bremerhaven,"3,6",545,Studierendenwerk Bremen
C@feteria ME 03 ,Gaußstraße 20,42119,Wuppertal,"3,5",356,Hochschul-Sozialwerk Wuppertal
Mensateria Campus Hubland Nord ,Magdalene-Schoch-Straße,97074,Würzburg,"3,6",8.382,Studierendenwerk Würzburg
Mensa Josef-Schneider-Straße ,Josef-Schneider-Straße 9,97080,Würzburg,"3,8",667,Studierendenwerk Würzburg
Mensa Campus Hubland Süd ,Am Hubland 16,97074,Würzburg,"3,6",1.868,Studierendenwerk Würzburg
Mensa am Studentenhaus ,Am Studentenhaus 1,97072,Würzburg,"3,7",5.133,Studierendenwerk Würzburg
Mensa Uni ,Albert-Einstein-Allee 11,89081,Ulm,"3,5",3.173,Studierendenwerk Ulm
Cafeteria Uni West ,Albert-Einstein-Allee 11,89081,Ulm,"3,2",281,Studierendenwerk Ulm
Cafeteria Helmholtzstraße , Helmholtzstraße 16,89081,Ulm,,,Studierendenwerk Ulm
Mensa Hochschule ,Prittwitzstraße 10,89075,Ulm,"3,1",1.266,Studierendenwerk Ulm
Essensausgabe Oberer Eselsberg , Albert-Einstein-Allee 55,89081,Ulm,,,Studierendenwerk Ulm
Cafeteria Oberer Eselsberg ,Albert-Einstein-Allee 55,89081,Ulm,,,Studierendenwerk Ulm
Mensa Röntgenring ,Röntgenring 12,97070,Würzburg,"3,6",1.306,Studierendenwerk Würzburg
Bistro am Haspel ,Paulus-Kirch-Straße 7,42285,Wuppertal,"3,3",305,Hochschul-Sozialwerk Wuppertal
Mensa Ring ,Klosterstraße 9,08056,Zwickau,"3,9",124,Studentenwerk Chemnitz-Zwickau
Cafeteria Scheffelberg ,Scheffelstraße 39,08066,Zwickau,"2,8",25,Studentenwerk Chemnitz-Zwickau
Cafeteria Ring ,Klosterstraße 9,08056,Zwickau,"2,8",39,Studentenwerk Chemnitz-Zwickau
blub im Haus 3 ,Friedrichstraße 57-59,38855,Wernigerode,,,Studentenwerk Magdeburg
Mensa Trossingen ,Schultheiß-Koch-Platz 3,78647,Trossingen,"3,4",257,Studierendenwerk Tübingen-Hohenheim
Mensa Sigmaringen ,Anton-Günther-Straße 51,72488,Sigmaringen,"3,2",189,Studierendenwerk Tübingen-Hohenheim
Mensa Schwenningen ,Karlstraße 19,78054,Schwenningen,"2,7",292,Studierendenwerk Freiburg
Mensa Rottenburg ,Schadenweiler Hof 1,72108,Rottenburg,"2,8",84,Studierendenwerk Tübingen-Hohenheim
Mensa Reutlingen ,Alteburgstraße 150,72762,Reutlingen,"3,0",217,Studierendenwerk Tübingen-Hohenheim
Mensa Ravensburg ,Marienplatz 2,88212,Ravensburg,"3,1",97,Seezeit Studierendenwerk Bodensee
Mensa Offenburg ,Badstraße 24,77652,Offenburg,"3,4",477,Studierendenwerk Freiburg
Mensa Nürtingen ,Neckarsteige 6-10,72622,Nürtingen,"3,2",107,Studierendenwerk Tübingen-Hohenheim
Menseria Ludwigsburg ,Reuteallee 46,71634,Ludwigsburg,"3,3",1.070,Studierendenwerk Stuttgart
Mensa Lörrach ,Hangstraße 46-50,79539,Lörrach,,,Studierendenwerk Freiburg
Mensa Künzelsau ,Daimlerstraße 35,74653,Künzelsau,"2,9",100,Studierendenwerk Heidelberg
Mensa Wilhelmstraße ,Wilhelmstraße 15,72074,Tübingen,"3,7",3.421,Studierendenwerk Tübingen-Hohenheim
Mensa Prinz Karl ,Hafengasse 6,72074,Tübingen,"3,3",644,Studierendenwerk Tübingen-Hohenheim
Mensa Vaihingen ,Pfaffenwaldring 45,70569,Stuttgart,"3,2",7.350,Studierendenwerk Stuttgart
Mensa Central ,Ossietzkystraße 3,70174,Stuttgart,"3,5",1.370,Studierendenwerk Stuttgart
Mensa Hohenheim ,Garbenstraße 29,70599,Stuttgart-Hohenheim,"3,1",236,Studierendenwerk Tübingen-Hohenheim
Delivery Point Hauberweg ,Hauberweg 48,73525,Schwäbisch Gmünd,,,Studierendenwerk Ulm
Mensa der Hochschule für Gestaltung ,Rektor-Klaus-Straße 100,73525,Schwäbisch Gmünd,,,Studierendenwerk Ulm
Mensa Musikhochschule ,Urbanstraße 25,70182,Stuttgart,"3,3",105,Studierendenwerk Stuttgart
Mensa Kunstakademie ,Am Weißenhof 1,70191,Stuttgart,"3,3",93,Studierendenwerk Stuttgart
Mensa Tiefenbronner Straße ,Tiefenbronner Straße 65,75175,Pforzheim,"3,3",671,Studierendenwerk Karlsruhe
Mensa Holzgartenstraße ,Holzgartenstraße 35,75175,Pforzheim,"2,6",80,Studierendenwerk Karlsruhe
Mensa Morgenstelle ,Auf der Morgenstelle 26,72076,Tübingen,"3,0",5.587,Studierendenwerk Tübingen-Hohenheim
Mensaria am Schloss ,Bismarckstraße 10,68161,Mannheim,"3,7",875,Studierendenwerk Mannheim
EO Cafeteria ,Bismarckstraße 10,68161,Mannheim,,,Studierendenwerk Mannheim
Cafeteria KUBUS ,Bismarckstraße 10,68161,Mannheim,,,Studierendenwerk Mannheim
Mensa Hochschule Mannheim ,Paul-Wittsack-Straße 10,68163,Mannheim,"3,6",1.304,Studierendenwerk Mannheim
Mensa Gießberg ,Universitätsstraße 10,78464,Konstanz,"3,5",14.714,Seezeit Studierendenwerk Bodensee
Mensa HTWG ,Alfred-Wachtel-Straße 12,78462,Konstanz,"3,3",5.292,Seezeit Studierendenwerk Bodensee
Cafeteria Musikhochschule ,N7 17,68161,Mannheim,"3,4",57,Studierendenwerk Mannheim
Mensaria Wohlgelegen ,Käfertaler Straße 258,68167,Mannheim,"2,8",49,Studierendenwerk Mannheim
Mensaria Metropol ,Hans-Thoma-Straße 40,68163,Mannheim,"3,2",344,Studierendenwerk Mannheim
Cafeteria Horizonte ,Coblitzallee 1-9,68163,Mannheim,,,Studierendenwerk Mannheim
Mensa Kehl ,Kinzigallee 1,77694,Kehl,"3,8",2.766,Studierendenwerk Freiburg
Mensa am Campus Horb ,Florianstraße 15,72160,Horb,,,Studierendenwerk Stuttgart
Mensa Heidenheim ,Marienstraße 20,89518,Heidenheim,,,Studierendenwerk Ulm
Mensa Göppingen ,Robert-Bosch-Straße 1,73037,Göppingen,,,Studierendenwerk Stuttgart
Mensa Gengenbach ,Brückenhäuserstraße 26a,77723,Gengenbach,"3,8",42,Studierendenwerk Freiburg
Mensa Furtwangen ,Gerwigstraße 15,78120,Furtwangen,"3,5",290,Studierendenwerk Freiburg
Mensa Friedrichshafen ,Fallenbrunnen 2,88045,Friedrichshafen,"2,8",148,Seezeit Studierendenwerk Bodensee
Mensa Stadtmitte ,Kanalstraße 27,73728,Esslingen,"3,2",1.371,Studierendenwerk Stuttgart
Mensa HS Biberach ,Karlstraße 6,88400,Biberach an der Riß,,,Studierendenwerk Ulm
Mensa Albstadt ,Jakobstraße 6,72458,Albstadt-Ebingen,"3,3",371,Studierendenwerk Tübingen-Hohenheim
Mensateria Gastwirtschaft zum Adler Triesdorf ,Markgrafenstraße 14,91746,Weidenbach,"3,8",42,Studierendenwerk Erlangen-Nürnberg
Mensa Weiden ,Hetzenrichter Weg 15,92637,Weiden,"3,3",604,Studierendenwerk Oberfranken
Mensa TUM Straubing ,Schulgasse 16,94315,Straubing,"4,0",628,Studentenwerk Niederbayern/Oberpfalz
Mensa am Adenauerring ,Adenauerring 7,76131,Karlsruhe,"3,6",13.978,Studierendenwerk Karlsruhe
Mensa Moltke ,Moltkestraße 12,76133,Karlsruhe,"3,3",1.293,Studierendenwerk Karlsruhe
Mensa an der Hochschule Heilbronn ,Max-Planck-Straße 39,74081,Heilbronn,"3,4",149,Studierendenwerk Heidelberg
Mensa am Bildungscampus ,Bildungscampus 4,74076,Heilbronn,"3,2",182,Studierendenwerk Heidelberg
Zeughaus-Mensa im Marstall ,Marstallhof 3,69117,Heidelberg,"3,6",201,Studierendenwerk Heidelberg
Zentralmensa ,Im Neuenheimer Feld 304,69120,Heidelberg,"3,6",7.294,Studierendenwerk Heidelberg
Triplex-Mensa am Uniplatz ,Grabengasse 14,69117,Heidelberg,"3,5",1.252,Studierendenwerk Heidelberg
Caféteria Moltkestraße 30 ,Moltkestraße 30,76133,Karlsruhe,"3,2",53,Studierendenwerk Karlsruhe
Mensa Schloss Gottesaue ,Am Schloss Gottesaue 7,76131,Karlsruhe,"3,0",46,Studierendenwerk Karlsruhe
Mensa Rempartstraße ,Rempartstraße 18,79098,Freiburg,"3,8",41.188,Studierendenwerk Freiburg
Mensa Institutsviertel ,Stefan-Meier-Straße 28,79104,Freiburg,"3,7",15.096,Studierendenwerk Freiburg
Mensa Flugplatz ,Georges-Köhler-Allee 82,79110,Freiburg,"3,6",1.465,Studierendenwerk Freiburg
Mensa Littenweiler ,Kunzenweg 29,79117,Freiburg,"3,7",2.623,Studierendenwerk Freiburg
Mensa Aalen ,Beethovenstraße 15,73430,Aalen,,,Studierendenwerk Ulm
Cafeteria am Burren ,Anton-Huber-Straße 10,73430,Aalen,,,Studierendenwerk Ulm
Musikantine ,Mendelssohn-Bartholdy-Platz 1,79102,Freiburg,"3,7",109,Studierendenwerk Freiburg
Ausgabestelle EH Freiburg ,Bugginger 38,79114,Freiburg,"3,2",94,Studierendenwerk Freiburg
Mensa Erzbergerstraße ,Erzbergerstraße 121,76133,Karlsruhe,"2,8",1.728,Studierendenwerk Karlsruhe
Mensa Schweinfurt ,Ignaz-Schön-Straße 11,97421,Schweinfurt,"3,1",2.106,Studierendenwerk Würzburg
StuBistro Rosenheim ,Hochschulstraße 1,83024,Rosenheim,"3,5",995,Studierendenwerk München Oberbayern
StuBistro Oberschleißheim ,Sonnenstraße 16a,85764,Oberschleißheim,"3,9",116,Studierendenwerk München Oberbayern
Mensa Neu-Ulm ,Wileystraße 1,89231,Neu-Ulm,"3,4",1.823,Studentenwerk Augsburg
Mensa Münchberg ,Kulmbacher Straße 76,95213,Münchberg,"3,4",138,Studierendenwerk Oberfranken
Mensa Landshut ,Am Lurzenhof 1,84036,Landshut,"3,4",1.586,Studentenwerk Niederbayern/Oberpfalz
Mensa Kulmbach ,Hans-Hacker-Straße 10,95326,Kulmbach,"3,8",56,Studierendenwerk Oberfranken
Mensa Kronach ,Güterstraße 5,96317,Kronach,"3,8",35,Studierendenwerk Oberfranken
Mensa Kempten ,Bahnhofstraße 61,87435,Kempten,"3,4",6.236,Studentenwerk Augsburg
Mensa Ingolstadt ,Esplanade 10,85049,Ingolstadt,"3,3",665,Studierendenwerk Erlangen-Nürnberg
Mensa Hof ,Wirthstraße 51,95028,Hof,"3,6",4.237,Studierendenwerk Oberfranken
Mensa Uni Regensburg ,Albertus-Magnus-Straße 2,93053,Regensburg,"3,5",40.494,Studentenwerk Niederbayern/Oberpfalz
Mensa Passau ,Innstraße 29,94032,Passau,"3,4",24.222,Studentenwerk Niederbayern/Oberpfalz
Cafeteria Nikolakloster ,Innstraße 40,94032,Passau,"3,3",146,Studentenwerk Niederbayern/Oberpfalz
Mensateria Ohm ,Wollentorstraße 4,90409,Nürnberg,"3,4",4.577,Studierendenwerk Erlangen-Nürnberg
Cafeteria Hohfederstraße ,Hohfederstraße 40,90489,Nürnberg,"3,6",204,Studierendenwerk Erlangen-Nürnberg
StuCafé Arcisstraße 21 ,Arcisstraße 21,80333,München,,,Studierendenwerk München Oberbayern
StuBistro Olympiacampus ,Am Olympiacampus 11,80809,München,"3,7",54,Studierendenwerk München Oberbayern
StuBistro Martinsried ,Großhaderner Straße 9a,82152,Planegg-Martinsried,"3,6",197,Studierendenwerk München Oberbayern
Mensa Martinsried ,Großhaderner Straße 6,82152,Planegg-Martinsried,"3,5",1.780,Studierendenwerk München Oberbayern
Mensa Arcisstraße ,Arcisstraße 17,80333,München,"3,6",7.401,Studierendenwerk München Oberbayern
StuBistro Schellingstraße ,Schellingstraße 3,80799,München,"3,5",575,Studierendenwerk München Oberbayern
StuBistro Oettingenstraße ,Oettingenstraße 67,80538,München,"4,1",187,Studierendenwerk München Oberbayern
StuBistro Goethestraße ,Goethestraße 70,80336,München,"3,8",91,Studierendenwerk München Oberbayern
StuBistro Butenandtstraße ,Butenandtstraße 13,81377,München,"3,6",1.297,Studierendenwerk München Oberbayern
StuBistro Garching ,Boltzmannstraße 19,85748,Garching,"3,5",151,Studierendenwerk München Oberbayern
Mensa Weihenstephan ,Maximus-von-Imhof-Forum 5,85354,Freising,"3,5",8.938,Studierendenwerk München Oberbayern
Südmensa ,Erwin-Rommel-Straße 60,91058,Erlangen,"3,4",2.559,Studierendenwerk Erlangen-Nürnberg
Mensa Langemarckplatz ,Langemarckplatz 4,91054,Erlangen,"3,6",3.162,Studierendenwerk Erlangen-Nürnberg
StuBistro Akademie ,Alte Akademie 1,85354,Freising,"3,2",467,Studierendenwerk München Oberbayern
StuBistro Boltzmannstraße 15 ,Boltzmannstraße 15,85748,Garching,"3,5",63,Studierendenwerk München Oberbayern
Mensa Garching ,Boltzmannstraße 19,85748,Garching,"3,6",8.651,Studierendenwerk München Oberbayern
StuBistro Adalbertstraße ,Adalbertstraße 5,80799,München,"3,4",591,Studierendenwerk München Oberbayern
Mensa Leopoldstraße ,Leopoldstraße 13a,80802,München,"3,5",9.450,Studierendenwerk München Oberbayern
StuCafé Lothstraße ,Lothstraße 64,80335,München,,,Studierendenwerk München Oberbayern
StuBistro Karlstraße ,Karlstraße 6,80333,München,"2,9",97,Studierendenwerk München Oberbayern
Mensa Pasing ,Am Stadtpark 20,81243,München,"3,3",740,Studierendenwerk München Oberbayern
Mensa Lothstraße ,Lothstraße 13d,80335,München,"3,3",4.991,Studierendenwerk München Oberbayern
StuBistro Arcisstraße ,Arcisstraße 12,80333,München,"3,0",40,Studierendenwerk München Oberbayern
StuBistro Akademiestraße ,Akademiestraße 2,80799,München,"2,9",90,Studierendenwerk München Oberbayern
Cafeteria Veilhofstraße ,Veilhofstraße 34-40,90489,Nürnberg,"3,1",26,Studierendenwerk Erlangen-Nürnberg
Mensa Regensburger Straße ,Regensburger Straße 160,90478,Nürnberg,"3,6",349,Studierendenwerk Erlangen-Nürnberg
Mensa Insel Schütt ,Andreij-Sacharow-Platz 1,90403,Nürnberg,"3,3",883,Studierendenwerk Erlangen-Nürnberg
Ausgabemensa St. Paul ,Dutzendteichstraße 24,90478,Nürnberg,"4,0",47,Studierendenwerk Erlangen-Nürnberg
Cafeteria Bärenschanzstraße ,Bärenschanzstraße 4,90429,Nürnberg,"3,0",36,Studierendenwerk Erlangen-Nürnberg
Cafeteria Bingstraße ,Bingstraße 60,90480,Nürnberg,,,Studierendenwerk Erlangen-Nürnberg
Cafeteria Sport ,Universitätsstraße 31,93053,Regensburg,"3,8",56,Studentenwerk Niederbayern/Oberpfalz
Cafeteria PT ,Universitätsstraße 31,93053,Regensburg,"3,5",163,Studentenwerk Niederbayern/Oberpfalz
Cafeteria Chemie ,Universitätsstraße 31,93053,Regensburg,"3,6",407,Studentenwerk Niederbayern/Oberpfalz
Mensa OTH Regensburg (abends) ,Seybothstraße 2,93053,Regensburg,"3,5",796,Studentenwerk Niederbayern/Oberpfalz
Mensa OTH Regensburg ,Seybothstraße 2,93053,Regensburg,"3,5",21.981,Studentenwerk Niederbayern/Oberpfalz
Cafeteria Prüfeninger Straße ,Prüfeninger Straße 58,93049,Regensburg,"3,1",1.002,Studentenwerk Niederbayern/Oberpfalz
Mensa Eichstätt ,Universitätsallee 2,85072,Eichstätt,"3,7",2.035,Studierendenwerk Erlangen-Nürnberg
Mensa Deggendorf ,Edlmairstraße 6,94469,Deggendorf,"3,4",1.991,Studentenwerk Niederbayern/Oberpfalz
StuBistro Burghausen ,Marktler Straße 50,84489,Burghausen,"3,8",42,Studierendenwerk München Oberbayern
Mensa Aschaffenburg ,Würzburger Straße 45,63743,Aschaffenburg,"3,5",1.276,Studierendenwerk Würzburg
Mensa Ansbach ,Residenzstraße 8,91522,Ansbach,"3,5",1.896,Studierendenwerk Erlangen-Nürnberg
Mensa Amberg ,Kaiser-Wilhelm-Ring 23,92224,Amberg,"3,7",690,Studierendenwerk Oberfranken
Mensa Marchstraße ,Marchstraße 23,10587,Berlin,"3,5",62,Studierendenwerk Berlin
Mensa Hardenbergstraße ,Hardenbergstraße 34,10623,Berlin,"3,4",1.274,Studierendenwerk Berlin
Mensa Karlshorst ,Köpenicker Allee 39-57,10318,Berlin,,,Studierendenwerk Berlin
Mensa Weißensee ,Bühringstraße 20,13086,Berlin,"3,7",47,Studierendenwerk Berlin
Mensa Badensche Straße ,Badensche Straße 50-51,10825,Berlin,"3,5",243,Studierendenwerk Berlin
Mensa Oase Adlershof ,Rudower Chaussee 25,12489,Berlin,"3,5",581,Studierendenwerk Berlin
Mensa HU Süd ,Unter den Linden 6,10117,Berlin,"3,5",1.243,Studierendenwerk Berlin
Mensa HU Nord ,Hannoversche Straße 7,10115,Berlin,"3,7",1.592,Studierendenwerk Berlin
Mensa Wilhelminenhof ,Wilhelminenhofstraße 75a,12459,Berlin,"3,3",763,Studierendenwerk Berlin
Mensa Campus Friedrich Streib ,Friedrich-Streib-Straße 2,96450,Coburg,"3,6",5.889,Studierendenwerk Oberfranken
Mensa Campus Design ,Am Hofbräuhaus 1,96450,Coburg,"3,2",1.860,Studierendenwerk Oberfranken
Mensa Nürnberger Straße ,Nürnberger Straße 38,95448,Bayreuth,,,Studierendenwerk Oberfranken
Mensa Feldkirchenstraße ,Feldkirchenstraße 21,96052,Bamberg,"3,3",4.048,Studierendenwerk Würzburg
Mensa Universität ,Universitätsstraße 4,86159,Augsburg,"3,5",1.969,Studentenwerk Augsburg
Mensa Hochschule ,Friedberger Straße 2,86161,Augsburg,"3,7",1.837,Studentenwerk Augsburg
Cafeteria am Brunnenlech ,An der Hochschule 1,86161,Augsburg,"3,3",819,Studentenwerk Augsburg
Mensa Austraße ,Austraße 37,96047,Bamberg,"3,4",2.390,Studierendenwerk Würzburg
Mensa Geschwister-Scholl-Platz ,Geschwister-Scholl-Platz,95445,Bayreuth,"3,6",226,Studierendenwerk Oberfranken
Hauptmensa ,Universitätsstraße 30,95447,Bayreuth,"3,6",17.172,Studierendenwerk Oberfranken
Frischraum ,Universitätsstraße 30,95447,Bayreuth,"3,6",10.867,Studierendenwerk Oberfranken
Mensa Treskowallee ,Treskowallee 8,10318,Berlin,"3,4",413,Studierendenwerk Berlin
Mensa HfS Ernst Busch ,Zinnowitzer Straße 11,10115,Berlin,,,Studierendenwerk Berlin
Mensa Charlottenstraße ,Charlottenstraße 55,10117,Berlin,"3,5",101,Studierendenwerk Berlin
Veggie No. 1 ,Van't-Hoff-Straße 6,14195,Berlin,"3,2",607,Studierendenwerk Berlin
Mensa Otto-von-Simson-Straße ,Otto-von-Simson-Straße 26,14195,Berlin,"3,4",2.182,Studierendenwerk Berlin
Mensa Lankwitz ,Malteserstraße 74,12249,Berlin,"4,2",413,Studierendenwerk Berlin
Mensa Koserstraße ,Koserstraße 20,14195,Berlin,"3,0",34,Studierendenwerk Berlin
Mensa FU Pharmazie ,Königin-Luise-Straße 2,14195,Berlin,"3,2",133,Studierendenwerk Berlin
Mensa Düppel ,Oertzenweg 19b,14163,Berlin,"2,6",87,Studierendenwerk Berlin
Mensa Charité Zahnklinik ,Aßmannshauser Straße 2-6,14197,Berlin,"3,2",99,Studierendenwerk Berlin
Mensa Teltower Damm ,Teltower Damm 118-122,14167,Berlin,"3,4",56,Studierendenwerk Berlin
Mensa Luxemburger Straße ,Luxemburger Straße 9,13353,Berlin,"3,4",781,Studierendenwerk Berlin
Mensa Hellersdorf ,Kokoschkaplatz 8a,12627,Berlin,"3,4",111,Studierendenwerk Berlin
Mensa Senftenberg ,Großenhainer Straße 57,01968,Senftenberg,"2,8",87,Studierendenwerk Ostbrandenburg
Mensa Europaplatz ,Europaplatz 1,15230,Frankfurt (Oder),"3,3",1.578,Studierendenwerk Ostbrandenburg
Mensa Brandenburg an der Havel ,Magdeburger Straße 50,14770,Brandenburg an der Havel,"3,7",3.342,Studierendenwerk Westbrandenburg
Mensa Studierendenhaus ,Von-Melle-Park 2,20146,Hamburg,"3,3",3.458,Studierendenwerk Hamburg
Mensa Stellingen ,Vogt-Kölln-Straße 30,22527,Hamburg,"3,8",325,Studierendenwerk Hamburg
Mensa Philosophenturm ,Von-Melle-Park 6,20146,Hamburg,"3,3",2.073,Studierendenwerk Hamburg
Mensa Geomatikum ,Bundesstraße 55,20146,Hamburg,"3,6",824,Studierendenwerk Hamburg
Mensa Botanischer Garten ,Ohnhorststraße 18,22609,Hamburg,"3,6",378,Studierendenwerk Hamburg
Café Jungiusstraße ,Jungiusstraße 9,20355,Hamburg,"3,6",96,Studierendenwerk Hamburg
Café dell'Arte ,Edmund-Siemers-Allee 1,20146,Hamburg,"3,9",52,Studierendenwerk Hamburg
Café CFEL ,Notkestraße 85,22607,Hamburg,"3,1",309,Studierendenwerk Hamburg
Café am Mittelweg ,Mittelweg 177,20148,Hamburg,"3,7",143,Studierendenwerk Hamburg
Blattwerk ,Von-Melle-Park 5,20146,Hamburg,"3,5",3.206,Studierendenwerk Hamburg
Mensa Harburg ,Denickestraße 22,21073,Hamburg,"3,6",7.762,Studierendenwerk Hamburg
Mensa Griebnitzsee ,August-Bebel-Straße 89,14482,Potsdam,"3,4",1.455,Studierendenwerk Westbrandenburg
Mensa Golm ,Karl-Liebknecht-Straße 24/25,14476,Potsdam,"3,6",935,Studierendenwerk Westbrandenburg
Mensa Waldcampus ,Alfred-Möller-Straße 1,16225,Eberswalde,,,Studierendenwerk Ostbrandenburg
Mensa Sachsendorf ,Lipezker Straße 47,03048,Cottbus,"3,7",411,Studierendenwerk Ostbrandenburg
Mensa BTU ,Friedlieb-Runge-Straße 1,03046,Cottbus,"3,4",344,Studierendenwerk Ostbrandenburg
Unique Café ,Enrique-Schmidt-Straße 7,28359,Bremen,"3,6",490,unknown
Unimensa am Boulevard ,Leobener Straße 3,28359,Bremen,"3,6",38.421,Studierendenwerk Bremen
Unikum ,Bibliothekstraße 1,28359,Bremen,"3,2",160,unknown
Mensa NW1 ,Otto-Hahn-Allee 1,28359,Bremen,"3,5",1.497,Studierendenwerk Bremen
Mensa Domshof ,Domshof 26,28199,Bremen,"3,6",333,Studierendenwerk Bremen
Caféteria GW2 ,Enrique-Schmidt-Straße 1,28359,Bremen,"3,9",1.840,Studierendenwerk Bremen
Café Central ,Leobener Straße 3,28359,Bremen,"3,4",275,Studierendenwerk Bremen
Mensa Werderstraße ,Werderstraße 73,28199,Bremen,"3,5",5.245,Studierendenwerk Bremen
Mensa Neustadtswall ,Neustadtswall 33,28199,Bremen,"3,4",14.742,Studierendenwerk Bremen
Mensa Airport ,Flughafenallee 10,28199,Bremen,"3,3",2.719,Studierendenwerk Bremen
Interimsmensa HfK ,Am Speicher XI 8,28217,Bremen,"3,3",63,Studierendenwerk Bremen
Mensa Stadtcampus ,Goethestraße 11,16225,Eberswalde,"3,4",231,Studierendenwerk Ostbrandenburg
Mensa Am Neuen Palais ,Am Neuen Palais 10,14469,Potsdam,"3,8",479,Studierendenwerk Westbrandenburg
Mensa Filmuniversität ,Marlene-Dietrich-Allee 11,14482,Potsdam,"3,6",151,Studierendenwerk Westbrandenburg
Mensa Kiepenheuerallee ,Kiepenheuerallee 5,14469,Potsdam,"3,6",2.656,Studierendenwerk Westbrandenburg
Café ZessP ,Am Schwarzenberg-Campus 2,21073,Hamburg,"4,0",168,Studierendenwerk Hamburg
Mensa HCU ,Überseeallee 16,20457,Hamburg,"3,3",3.072,Studierendenwerk Hamburg
Mensa Finkenau ,Finkenau 35,22081,Hamburg,"3,5",866,Studierendenwerk Hamburg
Mensa Berliner Tor ,Berliner Tor 7,20099,Hamburg,"3,5",4.051,Studierendenwerk Hamburg
Mensa Bergedorf ,Lohbrügger Kirchstraße 65,21033,Hamburg,"3,5",1.228,Studierendenwerk Hamburg
Café Alexanderstraße ,Alexanderstraße 1,20099,Hamburg,"3,5",77,Studierendenwerk Hamburg
Mensa Bucerius Law School ,Jungiusstraße 6,20355,Hamburg,"3,3",3.406,Studierendenwerk Hamburg
Mensa Rüsselsheim ,Am Brückweg 26,65428,Rüsselsheim,"3,3",813,Studierendenwerk Frankfurt am Main
Cafeteria Hochschule für Gestaltung ,Schlossstraße 31,63065,Offenbach,"3,5",92,Studierendenwerk Frankfurt am Main
Mensa Hochschule Fulda ,Marquardstraße 35,36039,Fulda,"3,5",6.368,Studentenwerk Gießen
Mensa THM Friedberg ,Wilhelm-Leuschner-Straße 13,61169,Friedberg,"3,7",1.069,Studentenwerk Gießen
Mensa Dieburg ,Max-Planck-Straße 4,64807,Dieburg,"3,3",552,Studierendenwerk Darmstadt
Mensa Stralsund ,Zur Schwedenschanze 15,18435,Stralsund,"3,6",5.930,Studierendenwerk Greifswald
Mensa Neubrandenburg ,Brodaer Straße 4,17033,Neubrandenburg,"3,6",3.382,Studierendenwerk Greifswald
Mensa Ostfalia ,Salzdahlumer Straße 46/48,38302,Wolfenbüttel,"3,4",3.099,Studierendenwerk OstNiedersachsen
Mensa Wilhelmshaven ,Friedrich-Paffrath-Straße 101,26389,Wilhelmshaven,"3,4",6.062,Studierendenwerk Oldenburg
Mensa Bertramstraße ,Bertramstraße 27,65185,Wiesbaden,"3,3",505,Studierendenwerk Frankfurt am Main
mensa accent ,Kurt-Schumacher-Ring 18,65197,Wiesbaden,"3,5",710,Studierendenwerk Frankfurt am Main
Philipps Bistro ,Erlenring 5,35037,Marburg,"3,7",1.241,Studentenwerk Marburg
Zentralmensa ,Arnold-Bode-Straße 4,34127,Kassel,"3,7",8.929,Studierendenwerk Kassel
Pausen-CamBus ,Otto-Behaghel-Straße 27,35394,Gießen,"3,4",51,Studentenwerk Gießen
Mensa Otto-Behaghel-Straße ,Otto-Behaghel-Straße 27,35394,Gießen,"3,8",5.070,Studentenwerk Gießen
Mensa Mildred-Harnack-Fish-Haus ,Leihgesterner Weg 16,35392,Gießen,"3,7",1.606,Studentenwerk Gießen
Mensa im Park ,Offenbacher Landstraße 224,60599,Frankfurt am Main,,,Phil.-Theol. Hochschule Sankt Georgen
Mensa HfMDK ,Eschersheimer Landstraße 35,60322,Frankfurt am Main,"3,1",160,Studierendenwerk Frankfurt am Main
Mensa Stadtmitte ,Alexanderstraße 14,64283,Darmstadt,"3,4",1.784,Studierendenwerk Darmstadt
Mensa Lichtwiese ,Alarich-Weiss-Straße 3,64287,Darmstadt,"3,2",1.285,Studierendenwerk Darmstadt
Mensa Ulme 45 ,Ulmenstraße 45,18057,Rostock,"3,7",3.213,Studierendenwerk Rostock-Wismar
Mensa Süd ,Albert-Einstein-Straße 6a,18059,Rostock,"3,7",8.788,Studierendenwerk Rostock-Wismar
Mensa Campus Loefflerstraße ,Ernst-Lohmeyer-Platz 5,17489,Greifswald,"3,7",2.417,Studierendenwerk Greifswald
Mensa Campus Beitz-Platz ,Fleischmannstraße 40,17489,Greifswald,"3,5",8.907,Studierendenwerk Greifswald
Mensa St.-Georg-Straße ,St.-Georg-Straße 104-107,18055,Rostock,"3,1",1.523,Studierendenwerk Rostock-Wismar
Mensa Multiple Choice ,Schillingallee 70,18057,Rostock,"3,6",765,Studierendenwerk Rostock-Wismar
Mensa Kantilene ,Beim St.-Katharinenstift 8,18055,Rostock,"3,6",305,Studierendenwerk Rostock-Wismar
Mensa Vechta ,Universitätsstraße 1,49377,Vechta,"3,8",7.751,Studentenwerk Osnabrück
Bistro Vechta ,Universitätsstraße 1,49377,Vechta,,,Studentenwerk Osnabrück
Mensa Schöfferstraße ,Schöfferstraße 3,64295,Darmstadt,"3,3",2.468,Studierendenwerk Darmstadt
Bistro Haardtring ,Haardtring 100,64295,Darmstadt,"3,2",425,Studierendenwerk Darmstadt
Sommergarten ,Theodor-W.-Adorno-Platz 2a,60323,Frankfurt am Main,,,Studierendenwerk Frankfurt am Main
Mensa Pi x Gaumen ,Max-von-Laue-Straße 9,60439,Frankfurt am Main,"3,4",1.635,Studierendenwerk Frankfurt am Main
Mensa Casino ,Theodor-W.-Adorno-Platz 1,60323,Frankfurt am Main,"3,3",2.518,Studierendenwerk Frankfurt am Main
Mensa Anbau Casino ,Theodor-W.-Adorno-Platz 1,60323,Frankfurt am Main,"3,2",2.328,Studierendenwerk Frankfurt am Main
Cocktailbar Anbau Casino ,Theodor-W.-Adorno-Platz 2,60323,Frankfurt am Main,"3,7",40,Studierendenwerk Frankfurt am Main
Casino Cafeteria ,Theodor-W.-Adorno-Platz 2a,60323,Frankfurt am Main,"4,0",30,Studierendenwerk Frankfurt am Main
Cafeteria Level ,Ruth-Moufang-Straße 2,60438,Frankfurt am Main,"3,3",448,Studierendenwerk Frankfurt am Main
Cafeteria Hoagascht ,Rostocker Straße 2,60323,Frankfurt am Main,"4,0",88,Studierendenwerk Frankfurt am Main
Cafeteria Dasein ,Theodor-W.-Adorno-Platz 1,60323,Frankfurt am Main,"3,6",1.841,Studierendenwerk Frankfurt am Main
Cafeteria Darwins ,Max-von-Laue-Straße 13,60438,Frankfurt am Main,"3,5",632,Studierendenwerk Frankfurt am Main
Cafeteria Bockenheim ,Bockenheimer Landstraße 133,60325,Frankfurt am Main,"3,3",465,Studierendenwerk Frankfurt am Main
Café Hochform ,Ginnheimer Landstraße 39,60487,Frankfurt am Main,"2,8",25,Studierendenwerk Frankfurt am Main
Mensa essWERK ,Nibelungenplatz 1,60318,Frankfurt am Main,"3,4",3.024,Studierendenwerk Frankfurt am Main
CaRe Cafeteria Rechenzentrum ,Heinrich-Buff-Ring 44,35392,Gießen,"3,4",376,Studentenwerk Gießen
Cafeteria JuWi ,Licher Straße 68,35394,Gießen,"3,6",187,Studentenwerk Gießen
Cafe am Kunstweg ,Karl-Glöckner-Straße 21,35394,Gießen,"3,4",158,Studentenwerk Gießen
Mensa THM Gießen ,Wiesenstraße 14,35390,Gießen,"3,6",1.726,Studentenwerk Gießen
Cafeteria D13 ,Ringallee 35,35390,Gießen,,,Studentenwerk Gießen
Cafeteria Campus Tor ,Platz der Deutschen Einheit 1,35390,Gießen,"3,3",323,Studentenwerk Gießen
Mensa Wilhelmshöher Allee ,Wilhelmshöher Allee 71,34121,Kassel,"3,5",1.086,Studierendenwerk Kassel
Mensa Kunsthochschule ,Menzelstraße 13,34121,Kassel,"3,6",212,Studierendenwerk Kassel
Mensa Heinrich-Plett-Straße ,Heinrich-Plett-Straße 40,34132,Kassel,"3,5",1.567,Studierendenwerk Kassel
Mo's Diner ,Conradistraße,35039,Marburg,"3,7",67,Studentenwerk Marburg
Mensa Lahnberge ,Conradistraße,35039,Marburg,"3,7",4.574,Studentenwerk Marburg
Mensa Erlenring ,Erlenring 5,35037,Marburg,"3,5",8.209,Studentenwerk Marburg
Cafeteria Lahnberge ,Conradistraße,35039,Marburg,"3,2",83,Studentenwerk Marburg
Mensa Suderburg ,Herbert-Meyer-Straße 7,29556,Suderburg,"3,1",1.594,Studierendenwerk OstNiedersachsen
Mensa Salzgitter ,Karl-Scharfenberg-Straße 55,38229,Salzgitter,"3,3",33,unknown
Mensa Lingen ,Kaiserstraße 10e,49809,Lingen,"3,3",1.085,Studentenwerk Osnabrück
Mensa Holzminden ,Haarmannplatz 3,37603,Holzminden,"3,5",513,Studierendenwerk OstNiedersachsen
Mensa Garbsen ,An der Universität 1,30823,Garbsen,"3,5",1.008,Studentenwerk Hannover
Mensa Emden ,Paapsand 34,26723,Emden,"3,3",5.088,Studierendenwerk Oldenburg
Mensa Elsfleth ,An der Weinkaje 5,26931,Elsfleth,"3,7",773,Studierendenwerk Oldenburg
Mensa Clausthal ,Leibnizstraße 3,38678,Clausthal-Zellerfeld,"3,3",4.461,Studierendenwerk OstNiedersachsen
Mensa Steinfurt ,Stegerwaldstraße 39,48565,Steinfurt,"3,5",9.275,Studierendenwerk Münster
Mensaforum Soest ,Lübecker Ring 2,59494,Soest,"3,7",757,Studierendenwerk Dortmund
Mensa Sankt Augustin ,Grantham-Allee 20,53757,Sankt Augustin,"3,5",3.761,Studierendenwerk Bonn
Mensa Schlossgarten ,Ritterstraße 10,49074,Osnabrück,"3,7",26.592,Studentenwerk Osnabrück
Mensa Wechloy ,Carl-von-Ossietzky-Straße 9-11,26129,Oldenburg,"3,6",5.988,Studierendenwerk Oldenburg
Mensa Campus abends ,Scharnhorststraße 1,21335,Lüneburg,"3,8",237,Studierendenwerk OstNiedersachsen
Mensa Campus ,Scharnhorststraße 1,21335,Lüneburg,"3,6",19.946,Studierendenwerk OstNiedersachsen
Mensa Uhlhornsweg ,Uhlhornsweg 49-55,26129,Oldenburg,"3,7",6.718,Studierendenwerk Oldenburg
Mensa Uni ,Marienburger Platz 22,31141,Hildesheim,"3,5",8.074,Studierendenwerk OstNiedersachsen
Mensa Herrenhausen ,Herrenhäuser Straße 8,30419,Hannover,"3,6",326,Studentenwerk Hannover
Zentralmensa ,Platz der Göttinger Sieben 4,37073,Göttingen,"3,5",12.511,Studentenwerk Göttingen
Mensa Italia ,Roedererstraße 15a,37073,Göttingen,"3,4",182,Studentenwerk Göttingen
Mensa am Turm ,Goßlerstraße 12b,37073,Göttingen,"3,6",2.859,Studentenwerk Göttingen
Lunchbox ,Justus-von-Liebig-Weg,37077,Göttingen,"3,3",379,Studentenwerk Göttingen
CampusGastronomie im Norden ,Grisebachstraße 10,37077,Göttingen,"3,3",2.324,Studentenwerk Göttingen
Mensa Katharinenstraße abends ,Katharinenstraße 1,38106,Braunschweig,"3,8",311,Studierendenwerk OstNiedersachsen
Mensa Katharinenstraße ,Katharinenstraße 1,38106,Braunschweig,"3,6",14.655,Studierendenwerk OstNiedersachsen
Mensa Beethovenstraße ,Beethovenstraße 15,38106,Braunschweig,"3,8",5.348,Studierendenwerk OstNiedersachsen
Mensa Unteres Schloss ,Obergraben,57072,Siegen,"4,0",3.494,Studierendenwerk Siegen
Mensa Emmy-Noether-Campus ,Walter-Flex-Straße 3,57072,Siegen,"3,9",1.356,Studierendenwerk Siegen
Mensa Adolf-Reichwein-Straße ,Adolf-Reichwein-Straße 2,57076,Siegen,"3,8",13.154,Studierendenwerk Siegen
Cafeteria Unteres Schloss ,Obergraben 18,57072,Siegen,"4,0",537,Studierendenwerk Siegen
Cafeteria Paul-Bonatz-Straße ,Paul-Bonatz-Straße 9-11,57076,Siegen,"3,4",793,Studierendenwerk Siegen
Cafeteria ct ,Adolf-Reichwein-Straße 2,57076,Siegen,"3,3",43,Studierendenwerk Siegen
Bistro ,Adolf-Reichwein-Straße 2,57076,Siegen,"3,7",198,Studierendenwerk Siegen
Bistro4u NFF ,Hermann-Blenk-Straße 42,38108,Braunschweig,"3,8",418,Studierendenwerk OstNiedersachsen
360 Grad ,Katharinenstraße 1,38106,Braunschweig,"3,6",1.770,Studierendenwerk OstNiedersachsen
Kantina Kreativa ,Johannes-Selenka-Platz 1,38118,Braunschweig,"3,2",292,Studierendenwerk OstNiedersachsen
Bistro HAWK ,Von-Ossietzky-Straße 99,37085,Göttingen,"3,3",336,Studentenwerk Göttingen
Hauptmensa ,Callinstraße 23,30167,Hannover,"3,7",15.587,Studentenwerk Hannover
Contine ,Königsworther Platz 1,30167,Hannover,"3,6",14.742,Studentenwerk Hannover
Mensa TiHo-Tower ,Bünteweg 2,30559,Hannover,"3,6",965,Studentenwerk Hannover
Mensa Caballus ,Bischofsholer Damm 15,30173,Hannover,"3,7",1.409,Studentenwerk Hannover
Mensa Große Pause ,Expo Plaza 10,30539,Hannover,"3,4",1.434,Studentenwerk Hannover
Mensa Campus Linden ,Ricklinger Stadtweg 120,30459,Hannover,"3,6",4.946,Studentenwerk Hannover
Mensa Blumhardtstraße ,Blumhardtstraße 2,30625,Hannover,"3,9",742,Studentenwerk Hannover
Mensa HMTMH ,Emmichplatz 1,30175,Hannover,"3,2",188,Studentenwerk Hannover
Bistro-Shop Lübecker Straße ,Lübecker Straße 3,31141,Hildesheim,"3,4",350,Studierendenwerk OstNiedersachsen
Mensa Hohnsen ,Hohnsen 1,31134,Hildesheim,"3,6",2.487,Studierendenwerk OstNiedersachsen
Mensa Ofener Straße ,Ofener Straße 16a,26121,Oldenburg,"3,3",4.833,Studierendenwerk Oldenburg
Mensa Westerberg ,Barbarastraße 20,49076,Osnabrück,"3,7",17.397,Studentenwerk Osnabrück
Mensa Haste ,Oldenburger Landstraße 24,49090,Osnabrück,"3,7",533,Studentenwerk Osnabrück
Café Lounge Westerberg ,Barbarastraße 20,49076,Osnabrück,"3,2",300,Studentenwerk Osnabrück
Bistro Caprivi ,Caprivistraße 30a,49076,Osnabrück,"3,4",266,Studentenwerk Osnabrück
Foodtruck Rheinbach ,Wechselnde Standorte,53359,Rheinbach,"3,4",1.897,Studierendenwerk Bonn
Mensa Recklinghausen ,August-Schmidt-Ring 10,45657,Recklinghausen,"2,5",188,AKAFÖ Akademisches Förderungswerk
Mensa HRW Mülheim ,Duisburger Straße 100,45479,Mülheim,"3,6",7.685,Studierendenwerk Essen-Duisburg
Mensa Rheydter Straße ,Rheydter Straße 325,41065,Mönchengladbach,"3,5",118,Studierendenwerk Düsseldorf
Mensa Minden ,Artilleriestraße 9,32427,Minden,"3,5",528,Studierendenwerk Bielefeld
da Vinci Meschede ,Lindenstraße 53,59872,Meschede,"3,9",788,Studierendenwerk Dortmund
Mensa Atrium Lippstadt ,Dr.-Arnold-Hueck-Straße 3,59557,Lippstadt,"3,7",1.336,Studierendenwerk Paderborn
Mensa Leverkusen ,Campusplatz 1,51379,Leverkusen,,,Kölner Studierendenwerk
Mensa Lemgo ,Liebigstraße 87,32657,Lemgo,"3,1",1.790,Studierendenwerk Bielefeld
Mensa Kleve ,Sommerdeich 16,47533,Kleve,"3,3",905,Studierendenwerk Düsseldorf
Mensa Kamp-Lintfort ,Friedrich-Heinrich-Allee 25,47475,Kamp-Lintfort,"3,0",483,Studierendenwerk Düsseldorf
Mensa Jülich ,Heinrich-Mußmann-Straße 1,52428,Jülich,"3,5",4.226,Studierendenwerk Aachen
Canapé Iserlohn ,Frauenstuhlweg 31,58644,Iserlohn,"3,7",249,Studierendenwerk Dortmund
Mensa Höxter ,An der Wilhelmshöhe 44,37671,Höxter,"3,2",173,Studierendenwerk Bielefeld
Mensa Basilica Hamm ,Peter-Röttgen-Platz 10,59063,Hamm,"3,4",1.130,Studierendenwerk Paderborn
Mensa ZM2 ,Zukunftsmeile 2,33102,Paderborn,"3,6",173,Studierendenwerk Paderborn
Mensa Bispinghof ,Bispinghof 9-14,48155,Münster,"3,7",4.418,Studierendenwerk Münster
Mensa am Ring ,Domagkstraße 61,48149,Münster,"3,6",28.340,Studierendenwerk Münster
Mensa am Aasee ,Bismarckallee 11,48151,Münster,"3,6",11.506,Studierendenwerk Münster
Hier und Jetzt ,Bismarckallee 11,48151,Münster,"4,0",577,Studierendenwerk Münster
Bistro Oeconomicum ,Universitätsstraße 14,48143,Münster,"3,4",1.044,Studierendenwerk Münster
Bistro KaBu ,Domplatz 21,48143,Münster,"3,4",627,Studierendenwerk Münster
Bistro Durchblick ,Fliednerstraße 21,48149,Münster,"3,4",154,Studierendenwerk Münster
Bistro Katholische Hochschule ,Piusallee 89,48147,Münster,"3,2",430,Studierendenwerk Münster
Mensa Obergath ,Obergath 73,47805,Krefeld,"2,9",113,Studierendenwerk Düsseldorf
UniMensa ,Zülpicher Straße 70,50937,Köln,"3,4",5.960,Kölner Studierendenwerk
Mensa Lindenthal ,Robert-Koch-Straße 10,50931,Köln,"3,6",1.803,Kölner Studierendenwerk
Bistro Uni E-Raum ,Albertus-Magnus-Platz,50931,Köln,"3,3",135,Kölner Studierendenwerk
Mensa Südstadt ,Mainzer Straße 5,50678,Köln,"3,3",996,Kölner Studierendenwerk
Mensa IWZ Deutz ,Betzdorfer Straße 2,50679,Köln,"3,4",3.017,Kölner Studierendenwerk
Mensa Claudiusstraße ,Claudiusstraße 1,50678,Köln,"3,5",414,Kölner Studierendenwerk
Mensa Kunsthochschule Medien ,Filzengraben 2-4,50676,Köln,"3,1",43,Kölner Studierendenwerk
Mensa Musikhochschule ,Dagobertstraße 38,50668,Köln,"3,6",343,Kölner Studierendenwerk
Mensa Sporthochschule ,Am Sportpark Müngersdorf 2,50933,Köln,"3,5",1.858,Kölner Studierendenwerk
Mensa Frankenring ,Frankenring 20,47798,Krefeld,"3,2",174,Studierendenwerk Düsseldorf
Mensa Da Vinci ,Leonardo-Campus 8,48149,Münster,"3,7",4.628,Studierendenwerk Münster
Bistro Denkpause ,Corrensstraße 25,48149,Münster,"3,2",2.374,Studierendenwerk Münster
Mensa UPB ,Warburger Straße 100,33098,Paderborn,"3,5",2.080,Studierendenwerk Paderborn
Mensa Forum ,Warburger Straße 100,33098,Paderborn,"3,6",918,Studierendenwerk Paderborn
Snackit Hagen ,Haldener Straße 182,58095,Hagen,"3,6",310,Studierendenwerk Dortmund
Mensa Gummersbach ,Steinmüllerallee 1,51643,Gummersbach,"3,6",302,Kölner Studierendenwerk
Mensa Gelsenkirchen ,Neidenburger Straße 43,45897,Gelsenkirchen,"3,6",715,AKAFÖ Akademisches Förderungswerk
Mensa HRW Bottrop ,Lützowstraße 5,46236,Bottrop,"3,6",3.718,Studierendenwerk Essen-Duisburg
Mensa Bocholt ,Münsterstraße 265,46397,Bocholt,"3,1",170,AKAFÖ Akademisches Förderungswerk
Mensa Worms ,Erenburger Straße 19,67549,Worms,"3,2",548,Studierendenwerk Vorderpfalz
Mensa RheinAhrCampus ,Südallee 2,53424,Remagen,"3,3",1.146,Studierendenwerk Koblenz
Mensa Pirmasens ,Marie-Curie-Straße 18,66953,Pirmasens,,,Studierendenwerk Kaiserslautern
Mensa Weincampus ,Breitenweg 71,67435,Neustadt an der Weinstraße,,,Studierendenwerk Vorderpfalz
Hauptmensa Essen ,Segerothstraße 10,45127,Essen,"3,3",630,Studierendenwerk Essen-Duisburg
Mensa Universitätsstraße ,Universitätsstraße 1,40225,Düsseldorf,"3,3",2.909,Studierendenwerk Düsseldorf
u-café ,Lotharstraße 65,47057,Duisburg,"3,4",40,Studierendenwerk Essen-Duisburg
Mensa Süd ,August-Schmidt-Straße 2,44227,Dortmund,"3,3",130,Studierendenwerk Dortmund
Mensa Emilienstraße ,Emilienstraße 45,32756,Detmold,"3,2",223,Studierendenwerk Bielefeld
Mensa Neustadt ,Neustadt 22,32756,Detmold,"3,5",103,Studierendenwerk Bielefeld
venusberg bistro ,Sigmund-Freud-Straße 25,53127,Bonn,"3,4",2.025,Studierendenwerk Bonn
Mensa TH Georg Agricola ,Herner Straße 45,44787,Bochum,"3,1",118,AKAFÖ Akademisches Förderungswerk
Rote Bete ,Universitätsstraße 150,44801,Bochum,"3,1",100,AKAFÖ Akademisches Förderungswerk
Cafeteria sowls ,Universitätsstraße 25,33615,Bielefeld,"3,6",1.181,Studierendenwerk Bielefeld
Mensa Vita ,Helmertweg 1,52074,Aachen,"3,5",10.382,Studierendenwerk Aachen
Mensa Ahornstraße ,Ahornstraße 55,52074,Aachen,"3,4",2.905,Studierendenwerk Aachen
Mensa Tarforst ,Universitätsring 15,54296,Trier,"3,3",2.730,Studierendenwerk Trier
Geo-Mensa Petrisberg ,Behringstraße 6a,54296,Trier,"3,5",666,Studierendenwerk Trier
ForU ,Universitätsring 15,54296,Trier,"3,2",39,Studierendenwerk Trier
Bistro A/B - Abendmensa ,Universitätsring 15,54296,Trier,,,Studierendenwerk Trier
Zentralmensa ,Staudingerweg 15,55128,Mainz,"3,6",2.411,Studierendenwerk Mainz
Mini Mensa Sport ,Albert-Schweitzer-Straße 22,55128,Mainz,,,Studierendenwerk Mainz
Mini Mensa Campusgarten ,Staudingerweg 18,55128,Mainz,,,Studierendenwerk Mainz
Mini Mensa Biochemie ,Hanns-Dieter-Hüsch-Weg 15,55128,Mainz,,,Studierendenwerk Mainz
Mensaria ,Staudingerweg 15,55128,Mainz,"3,4",503,Studierendenwerk Mainz
Mensablitz ,Staudingerweg 15,55128,Mainz,,,Studierendenwerk Mainz
Mensa Bambus ,Jakob-Welder-Weg 12,55128,Mainz,"3,5",691,Studierendenwerk Mainz
Foodtruck ,Staudingerweg 15,55128,Mainz,,,Studierendenwerk Mainz
Cafeteria im ReWi ,Jakob-Welder-Weg 9,55128,Mainz,"3,2",276,Studierendenwerk Mainz
Mensa K3 ,Lucy-Hillebrandt-Straße 4,55128,Mainz,"3,5",198,Studierendenwerk Mainz
Mensa Holzstraße ,Holzstraße 36,55116,Mainz,"3,7",106,Studierendenwerk Mainz
Bistro A/B ,Universitätsring 15,54296,Trier,"3,4",191,Studierendenwerk Trier
Mensa Schneidershof ,Schneidershof,54293,Trier,"3,6",6.599,Studierendenwerk Trier
Mensa Irminenfreihof ,Irminenfreihof 8,54290,Trier,"3,2",251,Studierendenwerk Trier
Mensa Academica ,Pontwall 3,52062,Aachen,"3,4",33.729,Studierendenwerk Aachen
Bistro Templergraben ,Templergraben 55,52062,Aachen,"3,4",4.193,Studierendenwerk Aachen
Mensa Südpark ,Weißhausstraße 2,52066,Aachen,"3,6",644,Studierendenwerk Aachen
Mensa KMAC ,Hohenstaufenallee 20-22,52064,Aachen,"3,7",6.062,Studierendenwerk Aachen
Mensa Eupener Straße ,Eupener Straße 70,52066,Aachen,"3,5",7.223,Studierendenwerk Aachen
Mensa Bayernallee ,Bayernallee 9,52066,Aachen,"3,7",2.704,Studierendenwerk Aachen
Mensa X ,Universitätsstraße 25,33615,Bielefeld,"3,6",21.452,Studierendenwerk Bielefeld
Cafeteria X ,Universitätsstraße 25,33615,Bielefeld,"3,7",208,Studierendenwerk Bielefeld
Cafeteria Lampingstraße ,Lampingstraße 3,33615,Bielefeld,"3,7",67,Studierendenwerk Bielefeld
Cafeteria HSBI ,Interaktion 1,33619,Bielefeld,"3,5",167,Studierendenwerk Bielefeld
Mensa Ruhr-Universität Bochum ,Universitätsstraße 150,44801,Bochum,"3,1",428,AKAFÖ Akademisches Förderungswerk
Mensa Hochschule für Gesundheit ,Universitätsstraße 105,44789,Bochum,"3,5",188,AKAFÖ Akademisches Förderungswerk
Mensa Hochschule Bochum ,Lennershofstraße 140,44801,Bochum,"3,5",1.816,AKAFÖ Akademisches Förderungswerk
Mensa EvH RWL ,Immanuel-Kant-Straße 18-20,44803,Bochum,"3,1",138,AKAFÖ Akademisches Förderungswerk
Mensa Campo ,Endenicher Allee 19,53115,Bonn,"3,6",10.492,Studierendenwerk Bonn
Mensa am Hofgarten ,Regina-Pacis-Weg,53113,Bonn,"3,4",8.362,Studierendenwerk Bonn
Mensa Campus Nord ,Vogelpothsweg 85,44227,Dortmund,"3,5",3.480,Studierendenwerk Dortmund
food fakultät ,Vogelpothsweg 74,44227,Dortmund,"3,5",68,Studierendenwerk Dortmund
Archeteria ,August-Schmidt-Straße 2,44227,Dortmund,"3,2",72,Studierendenwerk Dortmund
Mensa Sonnenstraße ,Sonnenstraße 96,44139,Dortmund,"3,3",412,Studierendenwerk Dortmund
Mensa am Max-Ophuels-Platz ,Max-Ophuels-Platz 2,44139,Dortmund,"4,2",43,Studierendenwerk Dortmund
kostBar ,Emil-Figge-Straße 40a,44227,Dortmund,"3,6",129,Studierendenwerk Dortmund
Hauptmensa Duisburg ,Lotharstraße 23-25,47057,Duisburg,"4,1",515,Studierendenwerk Essen-Duisburg
Bistro insgrüne ,Bismarckstraße 81,47057,Duisburg,"3,2",120,Studierendenwerk Essen-Duisburg
Essensausgabe Süd ,Universitätsstraße 1,40225,Düsseldorf,"3,5",720,Studierendenwerk Düsseldorf
Campus Vita ,Universitätsstraße 1,40225,Düsseldorf,"3,7",289,Studierendenwerk Düsseldorf
Mensa Musikhochschule ,Fischerstraße 110,40476,Düsseldorf,"3,5",133,Studierendenwerk Düsseldorf
Mensa Kunstakademie ,Eiskellerstraße 1,40213,Düsseldorf,"3,5",165,Studierendenwerk Düsseldorf
Mensa Campus Derendorf ,Münsterstraße 156,40476,Düsseldorf,"3,5",1.508,Studierendenwerk Düsseldorf
Mensa Folkwang ,Klemensborn 39,45239,Essen,"3,3",475,Studierendenwerk Essen-Duisburg
Bistro Campus Zollverein ,Martin-Kremmer-Straße 21,45327,Essen,"3,4",142,Studierendenwerk Essen-Duisburg
Mensa Ludwigshafen ,Ernst-Boehe-Straße 4,67059,Ludwigshafen,"3,2",1.472,Studierendenwerk Vorderpfalz
Mensa Germersheim ,An der Hochschule 2,76726,Germersheim,"3,2",743,Studierendenwerk Vorderpfalz
Mensa Homburg ,Kirrberger Straße 100,66424,Homburg,"3,7",1.356,Studentenwerk im Saarland
Mensa TellerRandt ,Piennerstraße 15,01737,Tharandt,"3,5",1.213,Studentenwerk Dresden
Mensa Mittweida ,Weststraße 11,09648,Mittweida,"3,4",188,Studentenwerk Freiberg
Mensa im Osten ,Furtstraße 1a,02826,Görlitz,"3,2",1.282,Studentenwerk Dresden
Mensa Freiberg ,Agricolastraße 10a,09599,Freiberg,"3,6",3.730,Studentenwerk Freiberg
Mensa Stendal ,Osterburger Straße 25,39576,Stendal,"3,2",735,Studentenwerk Magdeburg
Mensa Merseburg ,Eberhard-Leibnitz-Straße 2,06217,Merseburg,"3,7",2.776,Studentenwerk Halle
Mensa Campus ,Fortstraße 7,76829,Landau,"3,8",3.237,Studierendenwerk Vorderpfalz
Mensa Uni-Campus ,Universitätsstraße 1,56072,Koblenz,"3,7",2.500,Studierendenwerk Koblenz
Mensa TU Kaiserslautern ,Paul-Ehrlich-Straße 30,67663,Kaiserslautern,"3,7",1.791,Studierendenwerk Kaiserslautern
Cafeteria Atrium ,Paul-Ehrlich-Straße 30,67663,Kaiserslautern,"3,2",105,Studierendenwerk Kaiserslautern
Mensa Büdesheim ,Berlinstraße 109,55411,Bingen,"3,5",390,Studierendenwerk Mainz
Cafe Rochusberg ,Rochusallee 4,55411,Bingen,"3,7",26,Studierendenwerk Mainz
Mensa Mahlwerk ,Schwenninger Weg 1,02763,Zittau,,,Studentenwerk Dresden
Mensa Kraatschn ,Hochwaldstraße 12,02763,Zittau,"3,6",3.024,Studentenwerk Dresden
Mensa HS Kaiserslautern ,Morlauterer Straße 31,67657,Kaiserslautern,"3,4",1.429,Studierendenwerk Kaiserslautern
Mensaria am Botanischen Garten ,Philipp-Rosenthal-Straße 33,04103,Leipzig,"3,1",907,Studentenwerk Leipzig
Mensa Peterssteinweg ,Straße des 17. Juni 2a,04107,Leipzig,"3,4",1.816,Studentenwerk Leipzig
Mensa An den Tierkliniken ,An den Tierkliniken 5,04103,Leipzig,"3,4",458,Studentenwerk Leipzig
Zeltschlösschen ,Nürnberger Straße 55,01187,Dresden,"3,5",10.088,Studentenwerk Dresden
Mensa Straße der Nationen ,Straße der Nationen 62,09111,Chemnitz,"3,5",279,Studentenwerk Chemnitz-Zwickau
Mensa Reichenhainer Straße ,Reichenhainer Straße 55,09126,Chemnitz,"3,4",2.453,Studentenwerk Chemnitz-Zwickau
Cafeteria Straße der Nationen ,Straße der Nationen 62,09111,Chemnitz,"3,5",25,Studentenwerk Chemnitz-Zwickau
Mensa UniCampus unten ,Pfälzer Straße 1,39106,Magdeburg,"3,7",510,Studentenwerk Magdeburg
Mensa UniCampus oben ,Pfälzer Straße 1,39106,Magdeburg,"3,5",163,Studentenwerk Magdeburg
Kellercafé im Gebäude 40 ,Zschokkestraße 32,39104,Magdeburg,"2,8",50,Studentenwerk Magdeburg
Mensa Herrenkrug ,Breitscheidstraße 2,39114,Magdeburg,"3,4",1.317,Studentenwerk Magdeburg
Cafeteria Reichenhainer Straße ,Reichenhainer Straße 55,09126,Chemnitz,"3,0",32,Studentenwerk Chemnitz-Zwickau
Mensologie ,Blasewitzer Straße 84,01307,Dresden,"3,8",3.623,Studentenwerk Dresden
Mensa WUeins ,Wundtstraße 1,01217,Dresden,"3,7",1.177,Studentenwerk Dresden
Mensa Siedepunkt ,Zellescher Weg 17,01069,Dresden,"3,4",5.141,Studentenwerk Dresden
BioMensa U-Boot ,Hettnerstraße 3,01069,Dresden,"3,8",757,Studentenwerk Dresden
Alte Mensa ,Mommsenstraße 13,01069,Dresden,"3,5",15.739,Studentenwerk Dresden
Mensa Palucca Hochschule ,Basteiplatz 4,01277,Dresden,"2,3",30,Studentenwerk Dresden
Mensa Matrix ,Reichenbachstraße 1,01069,Dresden,"3,6",2.389,Studentenwerk Dresden
Mensa Stimm-Gabel ,Wettiner Platz 13,01067,Dresden,"3,3",117,Studentenwerk Dresden
Mensa Brühl ,Brühlsche Terrasse 1,01067,Dresden,"3,2",73,Studentenwerk Dresden
Mensa Johannstadt ,Marschnerstraße 38,01307,Dresden,"3,7",2.155,Studentenwerk Dresden
Mensa am Park ,Universitätsstraße 5,04109,Leipzig,"3,5",10.526,Studentenwerk Leipzig
Mensa am Medizincampus ,Liebigstraße 25,04103,Leipzig,"3,5",2.853,Studentenwerk Leipzig
Mensa am Elsterbecken ,Marschnerstraße 29c,04109,Leipzig,"3,5",1.159,Studentenwerk Leipzig
Mensa Schönauer Straße ,Schönauer Straße 113a,04107,Leipzig,"3,4",256,Studentenwerk Leipzig
Mensa Academica ,Karl-Liebknecht-Straße 145,04277,Leipzig,"3,5",5.141,Studentenwerk Leipzig
Cafeteria Dittrichring ,Dittrichring 21,04109,Leipzig,"3,2",45,Studentenwerk Leipzig
Mensa RheinMoselCampus ,Konrad-Zuse-Straße 1,56075,Koblenz,"3,4",1.529,Studierendenwerk Koblenz
Mensa Bürgerstrasse ,Bürgerstraße 23,76829,Landau,"4,1",103,Studierendenwerk Vorderpfalz
Mensa Köthen ,Fasanerieallee 1a,06366,Köthen,"3,3",1.490,Studentenwerk Halle
Mensa DomCafete ,Am Domplatz 16,38820,Halberstadt,"3,8",165,Studentenwerk Magdeburg
Mensa Dessau ,Kleiststraße 2,06846,Dessau,"3,5",968,Studentenwerk Halle
Mensa Bernburg ,Strenzfelder Allee 20,06406,Bernburg,"3,5",1.881,Studentenwerk Halle
Mensa Heide ,Fritz-Thiedemann-Ring 20a,25746,Heide,"3,6",1.056,Studentenwerk Schleswig-Holstein
Mensa Weinberghof ,Weinberghof 4,99734,Nordhausen,"3,9",3.300,Studierendenwerk Thüringen
Mensa Weg der Freundschaft ,Weg der Freundschaft 4a,07546,Gera,"3,6",545,Studierendenwerk Thüringen
Mensa am Wartenberg ,Am Wartenberg 2,99817,Eisenach,"3,4",2.655,Studierendenwerk Thüringen
Mensa Weinberg ,Wolfgang-Langenbeck-Straße 3,06120,Halle (Saale),"3,6",4.486,Studentenwerk Halle
Mensa Tulpe ,Universitätsring 5,06108,Halle (Saale),"3,5",1.651,Studentenwerk Halle
Mensa Harz ,Harz 42,06108,Halle (Saale),"3,6",11.072,Studentenwerk Halle
Mensa Franckesche Stiftungen ,Franckeplatz 1,06110,Halle (Saale),"3,5",3.823,Studentenwerk Halle
Heidemensa ,Theodor-Lieser-Straße 7,06120,Halle (Saale),"3,6",4.911,Studentenwerk Halle
Mensa Neuwerk ,Neuwerk 7,06114,Halle (Saale),"3,5",1.145,Studentenwerk Halle
Mensa Burg ,Seebener Straße 1,06114,Halle (Saale),"3,5",191,Studentenwerk Halle
Mensa Lübeck ,Mönkhofer Weg 241,23562,Lübeck,"3,5",3.812,Studentenwerk Schleswig-Holstein
Mensa II ,Leibnizstraße 14,24118,Kiel,"3,4",6.979,Studentenwerk Schleswig-Holstein
Mensa I am Westring ,Westring 385,24118,Kiel,"3,4",11.031,Studentenwerk Schleswig-Holstein
Mensa Flensburg ,Kanzleistraße 94,24941,Flensburg,"3,3",2.808,Studentenwerk Schleswig-Holstein
Cafeteria B-Gebäude ,Kanzleistrae 91A,24943,Flensburg,,,Studentenwerk Schleswig-Holstein
Mensa Philosophenweg ,Philosophenweg 20,07743,Jena,"3,7",9.834,Studierendenwerk Thüringen
NANOteria ,Gustav-Kirchhoff-Straße 5,98693,Ilmenau,"3,5",121,Studierendenwerk Thüringen
Mensa Ehrenberg ,Max-Planck-Ring 1,98693,Ilmenau,"3,7",7.697,Studierendenwerk Thüringen
Mensa Nordhäuser Straße ,Nordhäuser Straße 63,99089,Erfurt,"3,5",9.371,Studierendenwerk Thüringen
Mensa Altonaer Straße ,Altonaer Straße 25,99089,Erfurt,"3,7",2.292,Studierendenwerk Thüringen
Cafeteria Schlüterstraße ,Schlüterstraße 1,99089,Erfurt,"3,5",790,Studierendenwerk Thüringen
Cafeteria Leipziger Straße ,Leipziger Straße 77,99089,Erfurt,"3,4",170,Studierendenwerk Thüringen
Cafeteria Mensa Ehrenberg ,Max-Planck-Ring 1,98693,Ilmenau,"3,6",1.326,Studierendenwerk Thüringen
Cafeteria im Röntgenbau ,Weimarer Straße 25,98693,Ilmenau,"3,8",386,Studierendenwerk Thüringen
Mensa Ernst-Abbe-Platz ,Ernst-Abbe-Platz 8,07743,Jena,"3,7",28.779,Studierendenwerk Thüringen
Cafeteria Zur Rosen ,Johannisstraße 13,07743,Jena,"3,9",1.034,Studierendenwerk Thüringen
Cafeteria Uni-Hauptgebäude ,Schlossgasse 1,07743,Jena,"3,8",3.442,Studierendenwerk Thüringen
Cafeteria Bibliothek ,Bibliotheksplatz 2,07743,Jena,"3,4",184,Studierendenwerk Thüringen
Mensa Moritz-von-Rohr-Straße ,Moritz-von-Rohr-Straße 2,07745,Jena,"3,7",4.100,Studierendenwerk Thüringen
Mensa Carl-Zeiss-Promenade ,Carl-Zeiss-Promenade 6,07745,Jena,"3,6",7.661,Studierendenwerk Thüringen
Mensa Dockside ,Kaiserstraße 2,24143,Kiel,"3,6",820,Studentenwerk Schleswig-Holstein
Mensa Kesselhaus ,Legienstraße 35,24103,Kiel,"3,5",761,Studentenwerk Schleswig-Holstein
Schwentine-Mensa ,Grenzstraße 14,24149,Kiel,"3,6",2.352,Studentenwerk Schleswig-Holstein
Boje 23 ,Heikendorfer Weg 89,24149,Kiel,,,Studentenwerk Schleswig-Holstein
American Diner ,Sokratesplatz 6,24149,Kiel,"3,2",35,Studentenwerk Schleswig-Holstein
Cafeteria Musikhochschule ,Große Petersgrube 17-19,23552,Lübeck,"3,5",290,Studentenwerk Schleswig-Holstein
